업무,영역,주당 횟수,1회 소요(분),자동화 비율(0~1),구축 시간(시간),처리 방식,연결할 시스템,주당 절약(분),연간 절약(시간),회수 기간(주),우선순위,,요약,값
오늘 할 일 결정,의사결정,7,15,0.6,1,자동화,CEO 회의에서 주간 1순위 확정,"=IF(A2="""","""",C2*D2*E2)","=IF(A2="""","""",ROUND(I2*52/60,1))","=IF(OR(A2="""",I2=0),"""",ROUND(F2*60/I2,1))","=IF(K2="""","""",RANK(K2,$K$2:$K$200,1))",,연간 절약 시간 합계,=SUM(J2:J200)
콘텐츠 주제 고민,콘텐츠,7,30,0.8,3,자동화,③ 데일리 아이디어 DB,"=IF(A3="""","""",C3*D3*E3)","=IF(A3="""","""",ROUND(I3*52/60,1))","=IF(OR(A3="""",I3=0),"""",ROUND(F3*60/I3,1))","=IF(K3="""","""",RANK(K3,$K$2:$K$200,1))",,하루 평균 절약(분),"=IFERROR(SUM(I2:I200)/7,0)"
ETF·시장 뉴스 리서치,콘텐츠,7,45,0.7,4,자동화,③ 데일리 아이디어 DB + etf-analyzer,"=IF(A4="""","""",C4*D4*E4)","=IF(A4="""","""",ROUND(I4*52/60,1))","=IF(OR(A4="""",I4=0),"""",ROUND(F4*60/I4,1))","=IF(K4="""","""",RANK(K4,$K$2:$K$200,1))",,회수 4주 이내 업무 수,"=COUNTIFS(K2:K200,""<=4"",K2:K200,"">0"")"
유튜브 대본 초안,콘텐츠,2,120,0.5,6,자산화,대본 템플릿 + 지식 DB,"=IF(A5="""","""",C5*D5*E5)","=IF(A5="""","""",ROUND(I5*52/60,1))","=IF(OR(A5="""",I5=0),"""",ROUND(F5*60/I5,1))","=IF(K5="""","""",RANK(K5,$K$2:$K$200,1))",,참고,B~F열은 추정치입니다. 1주일 시간 기록 뒤 실제 값으로 바꾸세요.
썸네일 아이디어·문구,콘텐츠,2,30,0.6,2,자동화,AI 초안 + Canva,"=IF(A6="""","""",C6*D6*E6)","=IF(A6="""","""",ROUND(I6*52/60,1))","=IF(OR(A6="""",I6=0),"""",ROUND(F6*60/I6,1))","=IF(K6="""","""",RANK(K6,$K$2:$K$200,1))",,,
쇼츠 컷 선정·편집,콘텐츠,3,60,0.4,8,위임,편집 외주,"=IF(A7="""","""",C7*D7*E7)","=IF(A7="""","""",ROUND(I7*52/60,1))","=IF(OR(A7="""",I7=0),"""",ROUND(F7*60/I7,1))","=IF(K7="""","""",RANK(K7,$K$2:$K$200,1))",,,
롱폼 → 블로그 재가공,콘텐츠,2,60,0.7,4,자동화,재가공 파이프라인,"=IF(A8="""","""",C8*D8*E8)","=IF(A8="""","""",ROUND(I8*52/60,1))","=IF(OR(A8="""",I8=0),"""",ROUND(F8*60/I8,1))","=IF(K8="""","""",RANK(K8,$K$2:$K$200,1))",,,
스레드·인스타 글 작성,콘텐츠,5,20,0.7,3,자동화,재가공 파이프라인,"=IF(A9="""","""",C9*D9*E9)","=IF(A9="""","""",ROUND(I9*52/60,1))","=IF(OR(A9="""",I9=0),"""",ROUND(F9*60/I9,1))","=IF(K9="""","""",RANK(K9,$K$2:$K$200,1))",,,
뉴스레터 작성,콘텐츠,1,90,0.6,4,자동화,재가공 파이프라인,"=IF(A10="""","""",C10*D10*E10)","=IF(A10="""","""",ROUND(I10*52/60,1))","=IF(OR(A10="""",I10=0),"""",ROUND(F10*60/I10,1))","=IF(K10="""","""",RANK(K10,$K$2:$K$200,1))",,,
업로드 제목·태그·설명 작성,콘텐츠,2,20,0.7,2,자동화,업로드 템플릿,"=IF(A11="""","""",C11*D11*E11)","=IF(A11="""","""",ROUND(I11*52/60,1))","=IF(OR(A11="""",I11=0),"""",ROUND(F11*60/I11,1))","=IF(K11="""","""",RANK(K11,$K$2:$K$200,1))",,,
댓글·DM 응대,고객,7,20,0.4,5,위임,FAQ 템플릿 → 외주,"=IF(A12="""","""",C12*D12*E12)","=IF(A12="""","""",ROUND(I12*52/60,1))","=IF(OR(A12="""",I12=0),"""",ROUND(F12*60/I12,1))","=IF(K12="""","""",RANK(K12,$K$2:$K$200,1))",,,
고객 문의 이메일 답장,고객,5,15,0.5,4,자동화,Gmail 답장 초안,"=IF(A13="""","""",C13*D13*E13)","=IF(A13="""","""",ROUND(I13*52/60,1))","=IF(OR(A13="""",I13=0),"""",ROUND(F13*60/I13,1))","=IF(K13="""","""",RANK(K13,$K$2:$K$200,1))",,,
조회수·구독자·매출 확인,데이터,7,15,0.9,5,자동화,② CEO 회의 문서,"=IF(A14="""","""",C14*D14*E14)","=IF(A14="""","""",ROUND(I14*52/60,1))","=IF(OR(A14="""",I14=0),"""",ROUND(F14*60/I14,1))","=IF(K14="""","""",RANK(K14,$K$2:$K$200,1))",,,
주간 계획 세우기,의사결정,1,60,0.5,1,자동화,② 주간 CEO 회의,"=IF(A15="""","""",C15*D15*E15)","=IF(A15="""","""",ROUND(I15*52/60,1))","=IF(OR(A15="""",I15=0),"""",ROUND(F15*60/I15,1))","=IF(K15="""","""",RANK(K15,$K$2:$K$200,1))",,,
경쟁 채널 분석,콘텐츠,1,60,0.7,4,자동화,주간 리서치 루틴,"=IF(A16="""","""",C16*D16*E16)","=IF(A16="""","""",ROUND(I16*52/60,1))","=IF(OR(A16="""",I16=0),"""",ROUND(F16*60/I16,1))","=IF(K16="""","""",RANK(K16,$K$2:$K$200,1))",,,
강의·전자책 자료 정리,지식,1,90,0.5,6,자산화,지식 DB,"=IF(A17="""","""",C17*D17*E17)","=IF(A17="""","""",ROUND(I17*52/60,1))","=IF(OR(A17="""",I17=0),"""",ROUND(F17*60/I17,1))","=IF(K17="""","""",RANK(K17,$K$2:$K$200,1))",,,
자료·파일 정리,생활,3,20,0.7,2,삭제,폴더 규칙 고정,"=IF(A18="""","""",C18*D18*E18)","=IF(A18="""","""",ROUND(I18*52/60,1))","=IF(OR(A18="""",I18=0),"""",ROUND(F18*60/I18,1))","=IF(K18="""","""",RANK(K18,$K$2:$K$200,1))",,,
일정 조율,생활,3,15,0.6,2,자동화,캘린더 예약 링크,"=IF(A19="""","""",C19*D19*E19)","=IF(A19="""","""",ROUND(I19*52/60,1))","=IF(OR(A19="""",I19=0),"""",ROUND(F19*60/I19,1))","=IF(K19="""","""",RANK(K19,$K$2:$K$200,1))",,,
결제·정산 확인,돈,1,30,0.8,1,자동화,자동이체 + 월 1회 확인,"=IF(A20="""","""",C20*D20*E20)","=IF(A20="""","""",ROUND(I20*52/60,1))","=IF(OR(A20="""",I20=0),"""",ROUND(F20*60/I20,1))","=IF(K20="""","""",RANK(K20,$K$2:$K$200,1))",,,
식사 메뉴·장보기 결정,생활,7,20,0.7,1,자산화,메뉴 로테이션 + 고정 장바구니,"=IF(A21="""","""",C21*D21*E21)","=IF(A21="""","""",ROUND(I21*52/60,1))","=IF(OR(A21="""",I21=0),"""",ROUND(F21*60/I21,1))","=IF(K21="""","""",RANK(K21,$K$2:$K$200,1))",,,
